{
  "install": "messages/install.txt",
  "1.1.0": "messages/1.1.0.txt",
  "1.1.1": "messages/1.1.1.txt",
  "1.1.3": "messages/1.1.3.txt",
  "2.0.0": "messages/2.0.0.txt",
  "2.0.1": "messages/2.0.1.txt",
  "2.1.0": "messages/2.1.0.txt",
  "2.2.0": "messages/2.2.0.txt",
  "2.2.1": "messages/2.2.1.txt",
  "2.2.2": "messages/2.2.2.txt",
  "2.2.3": "messages/2.2.3.txt",
  "2.2.4": "messages/2.2.4.txt",
  "2.2.5": "messages/2.2.5.txt",
  "2.2.6": "messages/2.2.6.txt",
  "2.3.0": "messages/2.3.0.txt",
  "2.3.1": "messages/2.3.1.txt",
  "2.3.2": "messages/2.3.2.txt",
  "2.5.0": "messages/2.5.0.txt",
  "2.5.1": "messages/2.5.1.txt",
  "2.5.2": "messages/2.5.2.txt",
  "2.5.3": "messages/2.5.3.txt",
  "2.5.4": "messages/2.5.4.txt",
  "2.5.5": "messages/2.5.5.txt",
  "2.5.6": "messages/2.5.6.txt",
  "2.5.7": "messages/2.5.7.txt",
  "2.5.8": "messages/2.5.8.txt",
  "2.5.9": "messages/2.5.9.txt",
  "2.5.10": "messages/2.5.10.txt",
  "2.5.11": "messages/2.5.11.txt",
  "2.6.0": "messages/2.6.0.txt",
  "2.6.1": "messages/2.6.1.txt",
  "2.6.2": "messages/2.6.2.txt"
}
